Rank Arts and Humanities;Revista;ISSN;Editorial;País;Sitio web oficial;Estado de verificación;Fuente de verificación;Observación
5;Historia, Ciencias, Saude - Manguinhos;16784758, 01045970;Fundacao Oswaldo Cruz;Brazil;https://www.scielo.br/j/hcsm;Verificado por ISSN en DOAJ;https://doaj.org/toc/98f643192b704ee7aaaed18f53f0da9d;"Coincidencia exacta de ISSN con el registro DOAJ de «História, Ciências, Saúde: Manguinhos»; editorial declarada: Fundação Oswaldo Cruz, Casa de Oswaldo Cruz."
15;Historia da Historiografia;19839928;Brazilian Society for History and Theory of Historiography;Brazil;https://www.historiadahistoriografia.com.br;Verificado por ISSN en DOAJ;https://doaj.org/toc/a0b51b8e93e146dc8bcb8d32afe53b5d;"Coincidencia exacta de ISSN con el registro DOAJ de «História da Historiografia»; editorial declarada: Universidade Federal de Ouro Preto (UFOP); Universidade Federal do Estado do Rio de Janeiro (UNIRIO)."
16;Sophia (Ecuador);13903861, 13908626;Universidad Politecnica Salesiana;Ecuador;https://sophia.ups.edu.ec/index.php/sophia/;Verificado por ISSN en DOAJ;https://doaj.org/toc/0120495c80df467b9d4880e8f08becb3;"Coincidencia exacta de ISSN con el registro DOAJ de «Sophía: Colección de Filosofía de la Educación»; editorial declarada: Universidad Politécnica Salesiana."
17;Historia 396;07197969, 07190719;Pontificia Universidad Catolica de Chile;Chile;http://www.historia396.cl;Verificado por ISSN en DOAJ;https://doaj.org/toc/6e78a847c7874bcb8091f20f296bdf88;"Coincidencia exacta de ISSN con el registro DOAJ de «Historia 396»; editorial declarada: Pontificia Universidad Católica de Valparaíso."
28;Historia Mexicana;01850172;Colegio de Mexico, A.C., Departamento de Publicaciones;Mexico;http://historiamexicana.colmex.mx/index.php/RHM;Verificado por ISSN en DOAJ;https://doaj.org/toc/c2e4a43cc2e044ca9104097a39ff5b4a;"Coincidencia exacta de ISSN con el registro DOAJ de «Historia Mexicana El Colegio de México»; editorial declarada: El Colegio de México, A.C.."
29;Kepes;17947111;Universidad de Caldas;Colombia;https://revistasojs.ucaldas.edu.co/index.php/kepes;Verificado por ISSN en DOAJ;https://doaj.org/toc/11792ae17f874f4aa9ae9309c2b9ddd3;"Coincidencia exacta de ISSN con el registro DOAJ de «Kepes»; editorial declarada: Universidad de Caldas."
32;Topicos (Mexico);01886649, 20078498;Universidad Panamericana;Mexico;https://revistas.up.edu.mx/topicos/;Verificado por ISSN en DOAJ;https://doaj.org/toc/075cbf76635048178f18cfc4049274f8;"Coincidencia exacta de ISSN con el registro DOAJ de «Tópicos»; editorial declarada: Universidad Panamericana."
36;Fronteras de la Historia;25394711, 20274688;Instituto Colombiano de Antropologia e Historia;Colombia;https://revistas.icanh.gov.co/index.php/fh/index;Verificado por ISSN en DOAJ;https://doaj.org/toc/2a6519794db24e95beacb46ce1e862e4;"Coincidencia exacta de ISSN con el registro DOAJ de «Fronteras de la Historia»; editorial declarada: Instituto Colombiano de Antropología e Historia."
38;Historia Ambiental Latinoamericana y Caribena;22372717;Centro Universitario de Anapolis;Brazil;http://www.halacsolcha.org/index.php/halac;Verificado por ISSN en DOAJ;https://doaj.org/toc/92206a0ba3da4755a3ffcf684aaf9e31;"Coincidencia exacta de ISSN con el registro DOAJ de «Historia Ambiental Latinoamericana y Caribeña»; editorial declarada: UniEVANGELICA."
40;En-Claves del Pensamiento;25941100, 1870879X;Instituto Tecnologico y de Estudios Superiores de Monterrey;Mexico;https://www.enclavesdelpensamiento.mx/index.php/enclaves;Verificado por ISSN en DOAJ;https://doaj.org/toc/7f15014cd6644d0ea27fc193387fd090;"Coincidencia exacta de ISSN con el registro DOAJ de «En-claves del Pensamiento»; editorial declarada: Instituto Tecnológico y de Estudios Superiores de Monterrey."
44;Perseitas;23461780;Universidad Catolica Luis Amigo;Colombia;https://revistas.ucatolicaluisamigo.edu.co/index.php/perseitas/index;Verificado por ISSN en DOAJ;https://doaj.org/toc/6c98ef674759476bbbee29c70ded172d;"Coincidencia exacta de ISSN con el registro DOAJ de «Perseitas»; editorial declarada: Fondo Editorial Universidad Católica Luis Amigó."
47;Cuadernos de Historia;07191243, 07161832;Universidad de Chile, Facultad de Filosofia y Humanidades, Departamento de Literatura;Chile;https://cuadernosdehistoria.uchile.cl/;Verificado por ISSN en DOAJ;https://doaj.org/toc/b96f3f33b3844eaaa4e6fe42568a8f9d;"Coincidencia exacta de ISSN con el registro DOAJ de «Cuadernos de Historia»; editorial declarada: Universidad de Chile."
50;Teologia y Vida;07176295, 00493449;Pontificia Universidad Catolica de Chile;Chile;https://teologiayvida.uc.cl/index.php/tyv;Verificado manualmente;https://teologiayvida.uc.cl/index.php/tyv;"Sitio oficial de la Pontificia Universidad Católica de Chile; los ISSN 0049-3449 y 0717-6295 aparecen en la propia revista."
52;America Latina en la Historia Economica;20073496, 14052253;Instituto de Investigaciones Dr. Jose Maria Luis Mora;Mexico;http://alhe.mora.edu.mx/;Verificado por ISSN en DOAJ;https://doaj.org/toc/81d766a4d28c4359bf0b9a96d1cc148d;"Coincidencia exacta de ISSN con el registro DOAJ de «América Latina en la Historia Económica»; editorial declarada: Instituto de Investigaciones Dr. José María Luis Mora."
56;Estudios de Historia Moderna Contemporanea de Mexico;24485004, 01852620;Universidad Nacional Autonoma de Mexico;Mexico;https://moderna.historicas.unam.mx;Verificado por ISSN en DOAJ;https://doaj.org/toc/0460a092992a438ca93e279204a53712;"Coincidencia exacta de ISSN con el registro DOAJ de «Estudios de Historia Moderna y Contemporánea de México»; editorial declarada: Universidad Nacional Autónoma de México."
58;Discusiones Filosoficas;01246127;Universidad de Caldas;Colombia;https://revistasojs.ucaldas.edu.co/index.php/discusionesfilosoficas;Verificado manualmente;https://revistasojs.ucaldas.edu.co/index.php/discusionesfilosoficas;"Portal oficial de revistas de la Universidad de Caldas; ISSN 0124-6127."
63;Revista de Historia (Chile);07169108, 07178832;Universidad de Concepcion;Chile;https://revistas.udec.cl/index.php/historia/index;Verificado por ISSN en DOAJ;https://doaj.org/toc/53c79de2bc8b4f71bb4ff487f932d667;"Coincidencia exacta de ISSN con el registro DOAJ de «Revista de Historia»; editorial declarada: Universidad de Concepción."
65;Urdimento;23586958;State University of Santa Catarina;Brazil;https://revistas.udesc.br/index.php/urdimento;Verificado manualmente;https://revistas.udesc.br/index.php/urdimento;"Portal oficial de revistas de la Universidade do Estado de Santa Catarina; ISSN 2358-6958."
67;Historia y Memoria;20275137, 2322777X;Universidad Pedagogica y Tecnologica de Colombia;Colombia;https://revistas.uptc.edu.co/index.php/historia_memoria;Verificado por ISSN en DOAJ;https://doaj.org/toc/41cd2e9827e1467dac307ece09c01aa5;"Coincidencia exacta de ISSN con el registro DOAJ de «Historia y Memoria»; editorial declarada: Universidad Pedagógica y Tecnológica de Colombia."
68;Intus-Legere Historia;07185456, 07198949;Universidad Adolfo Ibanez;Chile;https://intushistoria.uai.cl/index.php/intushistoria;Verificado manualmente;https://intushistoria.uai.cl/index.php/intushistoria;"Sitio institucional de la Universidad Adolfo Ibáñez; ISSN 0718-5456 y 0719-8949."
69;Cuestiones Teologicas;23899980, 0120131X;Universidad Pontificia Bolivariana;Colombia;https://revistas.upb.edu.co/index.php/cuestiones/index;Verificado por ISSN en DOAJ;https://doaj.org/toc/e59c4d2bb2ae4e18ab111da3c5b76a97;"Coincidencia exacta de ISSN con el registro DOAJ de «Cuestiones Teológicas»; editorial declarada: Universidad Pontificia Bolivariana."
73;Open Insight;23958936, 20072406;Centro de Investigacion Social Avanzada;Mexico;https://openinsight.com.mx/index.php/open;Verificado manualmente;https://openinsight.com.mx/index.php/open;"Sitio oficial de la revista del Centro de Investigación Social Avanzada; ISSN 2007-2406 y 2395-8936."
75;Musica Hodie;16763939;Universidade Federal de Goias;Brazil;https://revistas.ufg.br/musica;Verificado por ISSN en DOAJ;https://doaj.org/toc/1623f5133dcf4037bb8b62abd14ced5d;"Coincidencia exacta de ISSN con el registro DOAJ de «Música Hodie»; editorial declarada: Universidade Federal de Goiás."
79;Oido Pensante;22507116;CAICYT-CONICET;Argentina;http://revistascientificas.filo.uba.ar/index.php/oidopensante;Verificado por ISSN en DOAJ;https://doaj.org/toc/54bad598390a42c58d6e54e94ab8d07d;"Coincidencia exacta de ISSN con el registro DOAJ de «El Oído Pensante»; editorial declarada: Instituto de Ciencias Antropológicas, Facultad de Filosofía y Letras (Universidad de Buenos Aires)."
83;Opus;15177017, 01037412;National Association of Music Research and Postgraduates;Brazil;http://www.anppom.com.br/revista/index.php/opus;Verificado por ISSN en DOAJ;https://doaj.org/toc/b33a33b849cf4b3797531b1e43165f5d;"Coincidencia exacta de ISSN con el registro DOAJ de «Opus»; editorial declarada: Associação Nacional de Pesquisa e Pós-Graduação em Música."
84;Paginas;1851992X;Universidad Nacional de Rosario - Facultad de Humanidades y Artes, Escuela de Historia;Argentina;https://revistapaginas.unr.edu.ar/index.php/RevPaginas/index;Verificado por ISSN en DOAJ;https://doaj.org/toc/ed4b6c3ada124559ba70e320b013fdd7;"Coincidencia exacta de ISSN con el registro DOAJ de «Páginas»; editorial declarada: Universidad Nacional de Rosario."
85;Revista de Historia de America;2663371X, 00348325;Pan-American Institute of Geography and History;Mexico;https://revistasipgh.org/index.php/rehiam/index;Verificado por ISSN en DOAJ;https://doaj.org/toc/45e91bb7170645898e837d3a6d887298;"Coincidencia exacta de ISSN con el registro DOAJ de «Revista de Historia de América»; editorial declarada: Instituto Panamericano de Geografía e Historia."
86;Revista de la Academia Colombiana de Ciencias Exactas, Fisicas y Naturales;23824980, 03703908;Colombian Academy of Exact, Physical and Natural Sciences;Colombia;https://raccefyn.co/;Verificado por ISSN en DOAJ;https://doaj.org/toc/769541e46c6147b1b0184d103bfee101;"Coincidencia exacta de ISSN con el registro DOAJ de «Revista de la Academia Colombiana de Ciencias Exactas, Físicas y Naturales»; editorial declarada: Academia Colombiana de Ciencias Exactas, Físicas y Naturales."
87;Arete;1016913X, 22233741;Pontifica Universidad Catolica del Peru;Peru;http://revistas.pucp.edu.pe/index.php/arete;Verificado por ISSN en DOAJ;https://doaj.org/toc/0e213d0de5df478494c6cf14deded114;"Coincidencia exacta de ISSN con el registro DOAJ de «Areté»; editorial declarada: Pontificia Universidad Católica del Perú."
90;Estudios de Historia Novohispana;24486922, 18709060;Universidad Nacional Autonoma de Mexico;Mexico;https://novohispana.historicas.unam.mx;Verificado por ISSN en DOAJ;https://doaj.org/toc/cc6300003c704a3caaf57885602e34eb;"Coincidencia exacta de ISSN con el registro DOAJ de «Estudios de Historia Novohispana»; editorial declarada: Universidad Nacional Autónoma de México."
92;Anais do Museu Paulista;01014714, 19820267;Universidade De Sao Paulo;Brazil;http://www.scielo.br/scielo.php?script=sci_serial&pid=0101-4714&lng=en&nrm=iso;Verificado por ISSN en DOAJ;https://doaj.org/toc/18071433c2ee43e39b5a301dd2a7be7f;"Coincidencia exacta de ISSN con el registro DOAJ de «Anais do Museu Paulista: História e Cultura Material»; editorial declarada: Universidade de São Paulo, Museu Paulista."
94;Estudios de Filosofia (Colombia);01213628, 2256358X;Universidad de Antioquia;Colombia;https://revistas.udea.edu.co/index.php/estudios_de_filosofia;Verificado por ISSN en DOAJ;https://doaj.org/toc/ade5ff2ec2394bdaadde95e4ddeda49a;"Coincidencia exacta de ISSN con el registro DOAJ de «Estudios de Filosofía»; editorial declarada: Universidad de Antioquía."
97;Limite (Chile);07185065;Universidad de Tarapaca;Chile;https://www.scielo.cl/scielo.php?script=sci_serial&pid=0718-5065;Verificado manualmente;https://www.scielo.cl/scielo.php?script=sci_serial&pid=0718-5065;"Página oficial de la revista en SciELO Chile; ISSN en línea 0718-5065."
98;Topoi (Brazil);15183319, 2237101X;Universidade Federal do Rio de Janeiro;Brazil;https://revistatopoi.org/site/en/current-issue/;Verificado por ISSN en DOAJ;https://doaj.org/toc/a44eaa2f226242ae901f78ae99f89c99;"Coincidencia exacta de ISSN con el registro DOAJ de «Topoi»; editorial declarada: Universidade Federal do Rio de Janeiro."
99;Revista Chilena de Literatura;00487651, 07182295;Universidad de Chile, Facultad de Filosofia y Humanidades, Departamento de Literatura;Chile;http://www.revistaliteratura.uchile.cl/;Verificado por ISSN en DOAJ;https://doaj.org/toc/6cb2c289a6814a948381dc7077092a27;"Coincidencia exacta de ISSN con el registro DOAJ de «Revista Chilena de Literatura»; editorial declarada: Universidad de Chile."
101;Boletin Cientifico del Centro de Museos;01233068;Universidad de Caldas;Colombia;https://revistasojs.ucaldas.edu.co/index.php/boletincientifico;Verificado manualmente;https://revistasojs.ucaldas.edu.co/index.php/boletincientifico;"Portal oficial de revistas de la Universidad de Caldas; ISSN 0123-3068."
102;Tempo (Brazil);14137704;Universidade Federal Fluminense;Brazil;https://www.scielo.br/j/tem/;Verificado manualmente;https://www.scielo.br/j/tem/;"Página vigente de la revista Tempo en SciELO Brasil; ISSN impreso 1413-7704."
103;Tempo e Argumento;21751803;State University of Santa Catarina;Brazil;https://www.periodicos.udesc.br/index.php/tempo/index;Verificado por ISSN en DOAJ;https://doaj.org/toc/489e9bc5202b4606aa53387d40070288;"Coincidencia exacta de ISSN con el registro DOAJ de «Tempo e Argumento»; editorial declarada: Universidade do Estado de Santa Catarina."
105;Momento;01214470, 25008013;Universidad Nacional de Colombia;Colombia;https://revistas.unal.edu.co/index.php/momento;Verificado por ISSN en DOAJ;https://doaj.org/toc/0284adee1d8a4b11b7f8c114cceba8e2;"Coincidencia exacta de ISSN con el registro DOAJ de «Momento»; editorial declarada: Universidad Nacional de Colombia."
108;Prohistoria. Historia, Politicas de la Historia;18519504;Scientific Technological Center CONICET-Rosario;Argentina;https://ojs.rosario-conicet.gov.ar/index.php/prohistoria;Verificado por ISSN en DOAJ;https://doaj.org/toc/061f360e82b54b5e86b27fc1a1f256e1;"Coincidencia exacta de ISSN con el registro DOAJ de «Prohistoria»; editorial declarada: Grupo Prohistoria."
109;Literatura: Teoria, Historia, Critica;01235931, 22565450;Universidad Nacional de Colombia;Colombia;http://www.revistas.unal.edu.co/index.php/lthc;Verificado por ISSN en DOAJ;https://doaj.org/toc/b925bf7cdcf043ca9de0e722339e42b1;"Coincidencia exacta de ISSN con el registro DOAJ de «Literatura: Teoría, Historia, Crítica»; editorial declarada: Universidad Nacional de Colombia."
110;Principia;14144247, 18081711;Federal University of Santa Catarina;Brazil;https://periodicos.ufsc.br/index.php/principia/index;Verificado por ISSN en DOAJ;https://doaj.org/toc/0077c5e06f224446aac192d4f0e7defd;"Coincidencia exacta de ISSN con el registro DOAJ de «Principia: An International Journal of Epistemology»; editorial declarada: Universidade Federal de Santa Catarina."
111;Poligramas;25909207;Universidad del Valle;Colombia;http://poligramas.univalle.edu.co/index.php/poligramas/index;Verificado por ISSN en DOAJ;https://doaj.org/toc/f2411d36da5f4c78aba6e88b721458f9;"Coincidencia exacta de ISSN con el registro DOAJ de «Poligramas»; editorial declarada: Universidad del Valle."
113;Theologica Xaveriana;01203649, 2011219X;Pontificia Universidad Javeriana;Colombia;https://revistas.javeriana.edu.co/index.php/teoxaveriana;Verificado manualmente;https://revistas.javeriana.edu.co/index.php/teoxaveriana;"Portal oficial de revistas de la Pontificia Universidad Javeriana; ISSN 0120-3649 y 2011-219X."
114;Taller de Letras;07160798;Pontificia Universidad Catolica de Chile;Chile;https://tallerdeletras.letras.uc.cl/index.php/TL;Verificado manualmente;https://tallerdeletras.letras.uc.cl/index.php/TL;"Sitio oficial de la Facultad de Letras de la Pontificia Universidad Católica de Chile; ISSN 0716-0798."
115;Critica-Revista Hispanoamericana de Filosofia;18704905, 00111503;Universidad Nacional Autonoma de Mexico, Instituto de Investigaciones Filosoficas;Mexico;https://critica.filosoficas.unam.mx/index.php/critica;Verificado por ISSN en DOAJ;https://doaj.org/toc/ea54963af0fd4a65901c1f778d37a4fa;"Coincidencia exacta de ISSN con el registro DOAJ de «Crítica»; editorial declarada: Universidad Nacional Autónoma de México (UNAM)."
117;Ilha do Desterro;01014846, 21758026;Universidade Federal de Santa Catarina;Brazil;http://www.periodicos.ufsc.br/index.php/desterro;Verificado por ISSN en DOAJ;https://doaj.org/toc/e3649e22c4e94295af1b089ba68c89a9;"Coincidencia exacta de ISSN con el registro DOAJ de «Ilha do Desterro»; editorial declarada: Universidade Federal de Santa Catarina."
118;Prometeica;18529488;CONICET - Emiliano Aldegani;Argentina;https://periodicos.unifesp.br/index.php/prometeica/;Verificado por ISSN en DOAJ;https://doaj.org/toc/c5a0fdf907e842048b1de78f756b6fa6;"Coincidencia exacta de ISSN con el registro DOAJ de «Prometeica»; editorial declarada: Universidade Federal de São Paulo."
119;Historia Unisinos;22361782, 15193861;Universidade do Vale do Rio dos Sinos;Brazil;https://revistas.unisinos.br/index.php/historia;Verificado manualmente;https://revistas.unisinos.br/index.php/historia;"Portal oficial de revistas de Unisinos; ISSN 1519-3861 y 2236-1782."
122;Trans/Form/Acao;1980539X, 01013173;Universidade Estadual Paulista (UNESP);Brazil;https://revistas.marilia.unesp.br/index.php/transformacao/index;Verificado por ISSN en DOAJ;https://doaj.org/toc/35791329887246fa9cfe437b5ae94989;"Coincidencia exacta de ISSN con el registro DOAJ de «Trans/Form/Ação»; editorial declarada: Universidade Estadual Paulista."
123;Aisthesis;07187181, 05683939;Pontificia Universidad Catolica de Chile;Chile;https://revistaaisthesis.uc.cl/index.php/RAIT/index;Verificado por ISSN en DOAJ;https://doaj.org/toc/920de67bc9b04f03ae9b04c6c14ef0fd;"Coincidencia exacta de ISSN con el registro DOAJ de «Aisthesis»; editorial declarada: Pontificia Universidad Católica de Chile."
128;Manuscrito;01006045, 2317630X;Universidade Estadual de Campinas - UNICAMP, Centro de Logica, Epistemologia e Historia da Ciencia;Brazil;http://www.scielo.br/scielo.php?script=sci_serial&pid=0100-6045&lng=en&nrm=iso;Verificado por ISSN en DOAJ;https://doaj.org/toc/396c3916f42f4d39bd413e8b3a753d38;"Coincidencia exacta de ISSN con el registro DOAJ de «Manuscrito»; editorial declarada: Universidade Estadual de Campinas."
129;Per Musi;15177599, 23176377;Universidade Federal of Minas Gerais;Brazil;https://periodicos.ufmg.br/index.php/permusi/index;Verificado por ISSN en DOAJ;https://doaj.org/toc/7e616dffa89d4f6395e390d5a5a8c6bf;"Coincidencia exacta de ISSN con el registro DOAJ de «Per Musi»; editorial declarada: Escola de Música da UFMG."
130;Revista de Humanidades;07170491;Universidad Andres Bello;Chile;https://revistahumanidades.unab.cl/index.php/revista-de-humanidades;Verificado manualmente;https://revistahumanidades.unab.cl/index.php/revista-de-humanidades;"Sitio oficial de la Universidad Andrés Bello; ISSN 0717-0491."
135;Boletin de Estetica;16687132, 24084417;Centro de Investigaciones Filosoficas;Argentina;https://boletindeestetica.com.ar/index.php/boletin;Verificado manualmente;https://boletindeestetica.com.ar/index.php/boletin;"Sitio oficial del Programa de Estética y Filosofía del Arte; e-ISSN 2408-4417."
136;Cuestiones de Filosofia;23899441, 01235095;Universidad Pedagogica y Tecnologica de Colombia;Colombia;http://revistas.uptc.edu.co/index.php/cuestiones_filosofia;Verificado por ISSN en DOAJ;https://doaj.org/toc/4782c2b904e7497bac6342c753dd2974;"Coincidencia exacta de ISSN con el registro DOAJ de «Cuestiones de Filosofía»; editorial declarada: Universidad Pedagógica y Tecnológica de Colombia."
137;Strategic Design Research Journal;19842988;Universidade do Vale do Rio dos Sinos;Brazil;https://revistas.unisinos.br/index.php/sdrj;Verificado manualmente;https://revistas.unisinos.br/index.php/sdrj;"Portal oficial de revistas de Unisinos; ISSN 1984-2988."
139;Historia Caribe;23226889, 01228803;Sello editorial Universidad del Atlantico;Colombia;https://revistas.uniatlantico.edu.co/index.php/Historia_Caribe;Verificado manualmente;https://revistas.uniatlantico.edu.co/index.php/Historia_Caribe;"Portal oficial de revistas de la Universidad del Atlántico; ISSN 0122-8803 y 2322-6889."
141;Varia Historia;01048775, 19824343;Universidade Federal de Minas Gerais;Brazil;https://www.variahistoria.org/about;Verificado por ISSN en DOAJ;https://doaj.org/toc/629ca06c342c4d1c8b9beb85217b0684;"Coincidencia exacta de ISSN con el registro DOAJ de «Varia História»; editorial declarada: Universidade Federal de Minas Gerais."
145;Veritas;07189273, 07174675;Pontificio Seminario Mayor San Rafael;Chile;https://revistas.uc.cl/revista/revista-veritas/;Verificado manualmente;https://revistas.uc.cl/revista/revista-veritas/;"Portal oficial de revistas de la Pontificia Universidad Católica de Chile; ISSN 0717-4675 y 0718-9273."
148;Revista de Humanidades de Valparaiso;07194242, 07194234;Universidad De Valparaíso, Chile;Chile;https://revistas.uv.cl/index.php/RHV;Verificado manualmente;https://revistas.uv.cl/index.php/RHV;"Portal oficial de revistas de la Universidad de Valparaíso; ISSN 0719-4234 y 0719-4242."
149;Topicos;1666485X;Asociacion Revista de Filosofia de Santa Fe;Argentina;https://bibliotecavirtual.unl.edu.ar/publicaciones/index.php/Topicos;Verificado por ISSN en DOAJ;https://doaj.org/toc/00edc2b73d0a496490055e6773eedebc;"Coincidencia exacta de ISSN con el registro DOAJ de «Tópicos»; editorial declarada: Asociación Revista de Filosofía de Santa Fe."
154;Scripta Mediaevalia;18518753, 23624868;Editorial de la Facultad de Filosofia y Letras de la Universidad Nacional de Cuyo;Argentina;https://revistas.uncu.edu.ar/ojs3/index.php/scripta;Verificado manualmente;https://revistas.uncu.edu.ar/ojs3/index.php/scripta;"Portal oficial de revistas de la Universidad Nacional de Cuyo; ISSN 1851-8753 y 2362-4868."
157;Revista Brasileira de Historia da Ciencia;19834713, 21763275;Sociedade Brasileira de Historia da Ciencia;Brazil;https://rbhciencia.emnuvens.com.br/revista/index;Verificado por ISSN en DOAJ;https://doaj.org/toc/dc2843687cb444f7af483a9c2e648568;"Coincidencia exacta de ISSN con el registro DOAJ de «Revista Brasileira de História da Ciência»; editorial declarada: Sociedade Brasileira de História da Ciência."
158;Signos Historicos;16654420;Universidad Autonoma Metropolitana;Mexico;https://signoshistoricos.izt.uam.mx/index.php/historicos;Verificado manualmente;https://signoshistoricos.izt.uam.mx/index.php/historicos;"Sitio oficial de la Universidad Autónoma Metropolitana; ISSN 1665-4420."
159;Estudos Ibero-Americanos;1980864X, 01014064;Editora da P U C R S;Brazil;https://revistaseletronicas.pucrs.br/ojs/index.php/iberoamericana;Verificado por ISSN en DOAJ;https://doaj.org/toc/6f3540f4f2254d7d909ea4b3accbce7c;"Coincidencia exacta de ISSN con el registro DOAJ de «Estudos Ibero Americanos»; editorial declarada: Editora da Pontifícia Universidade Católica do Rio Grande do Sul (EDIPUCRS)."
160;Filosofia Unisinos;15195023, 19848234;Universidade do Vale do Rio dos Sinos;Brazil;https://revistas.unisinos.br/index.php/filosofia/index;Verificado por ISSN en DOAJ;https://doaj.org/toc/4143d186ad23487ab53f635210cc21c2;"Coincidencia exacta de ISSN con el registro DOAJ de «Filosofia Unisinos»; editorial declarada: Universidade do Vale do Rio dos Sinos."
163;Revista Latinoamericana de Filosofia;03250725, 18527353;Centro de Investigaciones Filosoficas;Argentina;https://rlfcif.org.ar/index.php/RLF/index;Verificado por ISSN en DOAJ;https://doaj.org/toc/a2b4d945c1da442087d7eca4fb1f66ce;"Coincidencia exacta de ISSN con el registro DOAJ de «Revista Latinoamericana de Filosofía»; editorial declarada: Centro de Investigaciones Filosóficas."
164;Tzintzun;2007963X, 1870719X;Instituto de investigaciones historicas, Universidad Michoacana;Mexico;https://tzintzun.umich.mx/;Verificado manualmente;https://tzintzun.umich.mx/;"Sitio oficial del Instituto de Investigaciones Históricas de la Universidad Michoacana; ISSN 1870-719X y 2007-963X."
165;Signos Filosoficos;16651324;Universidad Autonoma Metropolitana, Department of Philosophy;Mexico;https://signosfilosoficos.izt.uam.mx/index.php/SF;Verificado manualmente;https://signosfilosoficos.izt.uam.mx/index.php/SF;"Sitio oficial de la Universidad Autónoma Metropolitana; ISSN 1665-1324."
166;Anales de Literatura Chilena;07176058;Pontificia Universidad Catolica de Chile;Chile;https://analesliteraturachilena.letras.uc.cl/index.php/alch/index;Verificado por ISSN en DOAJ;https://doaj.org/toc/d0902f0f05714e5c8ece374583f241c5;"Coincidencia exacta de ISSN con el registro DOAJ de «Anales de Literatura Chilena»; editorial declarada: Centro de Estudios de Literatura Chilena, Pontificia Universidad Católica de Chilea."
170;Boletin del Instituto de Historia Argentina y Americana 'Dr. Emilio Ravignani';05249767, 18502563;"Institute of Argentine and American History Dr. Emilio Ravignani""""";Argentina;http://revistascientificas.filo.uba.ar/index.php/boletin/index;Verificado por ISSN en DOAJ;https://doaj.org/toc/bd1409ae100d4917b6b9c8b42d4979b3;"Coincidencia exacta de ISSN con el registro DOAJ de «Boletín de Historia Argentina y Americana Dr. Emilio Ravignani»; editorial declarada: Universidad de Buenos Aires."
173;Revista de Historia (Brazil);00348309, 23169141;Universidade de Sao Paulo, Faculdade de Filosofia, Letras e Ciencias Humanas;Brazil;https://www.revistas.usp.br/revhistoria;Verificado por ISSN en DOAJ;https://doaj.org/toc/7af3bdd687574a0c8f06263eae294c1e;"Coincidencia exacta de ISSN con el registro DOAJ de «Revista de História»; editorial declarada: Universidade de São Paulo."
174;Anos 90;0104236X, 1983201X;Universidade Federal do Rio Grande do Sul;Brazil;http://seer.ufrgs.br/index.php/anos90;Verificado por ISSN en DOAJ;https://doaj.org/toc/56002fde69914890ad76aa02240f6720;"Coincidencia exacta de ISSN con el registro DOAJ de «Anos 90»; editorial declarada: Universidade Federal do Rio Grande do Sul."
175;Humanidades;15105024, 23011629;Universidad de Montevideo;Uruguay;http://revistas.um.edu.uy/index.php/revistahumanidades/index;Verificado por ISSN en DOAJ;https://doaj.org/toc/db6ad1fe9491453694235f42f1bb48d6;"Coincidencia exacta de ISSN con el registro DOAJ de «Humanidades»; editorial declarada: Universidad de Montevideo."
176;Ideas y Valores;01200062, 20113668;Universidad Nacional de Colombia;Colombia;http://revistas.unal.edu.co/index.php/idval;Verificado por ISSN en DOAJ;https://doaj.org/toc/03cbd6ea94be4c8c93ea1ed305fdf4a2;"Coincidencia exacta de ISSN con el registro DOAJ de «Ideas y Valores»; editorial declarada: Universidad Nacional de Colombia."
179;ARQ;07160852, 07176996;Pontificia Universidad Catolica de Chile;Chile;https://edicionesarq.com/ARQ-Journal;Verificado por ISSN en DOAJ;https://doaj.org/toc/80dd6f06e60643f1836ca82fe91a3c75;"Coincidencia exacta de ISSN con el registro DOAJ de «ARQ»; editorial declarada: Ediciones ARQ."
181;Eidos;16928857, 20117477;Universidad del Norte;Colombia;https://rcientificas.uninorte.edu.co/index.php/eidos;Verificado manualmente;https://rcientificas.uninorte.edu.co/index.php/eidos;"Portal oficial de revistas científicas de la Universidad del Norte; ISSN 1692-8857 y 2011-7477."
183;Revista Latinoamericana de Filosofia Politica;22508619;Center for Philosophical Research;Argentina;http://rlfp.org.ar;Verificado por ISSN en DOAJ;https://doaj.org/toc/a388822353b045acb5b76b5c3574662b;"Coincidencia exacta de ISSN con el registro DOAJ de «Revista Latinoamericana de Filosofía Política»; editorial declarada: Centro de Investigaciones Filosóficas."
185;Revista de Filosofia: Aurora;29651557, 29651565;Pontificia Universidade Catolica do Parana;Brazil;https://periodicos.pucpr.br/aurora;Verificado manualmente;https://periodicos.pucpr.br/aurora;"Portal oficial de periódicos de la Pontifícia Universidade Católica do Paraná; e-ISSN 2965-1565."
187;Cuadernos de Literatura;01228102;Pontificia Universidad Javeriana;Colombia;https://revistas.javeriana.edu.co/index.php/cualit;Verificado manualmente;https://revistas.javeriana.edu.co/index.php/cualit;"Portal oficial de revistas de la Pontificia Universidad Javeriana; ISSN 0122-8102 y 2346-1691."
188;Revista de Historia Regional;14140055;Universidade Estadual de Ponta Grossa, Editora;Brazil;https://revistas.uepg.br/index.php/rhr;Verificado manualmente;https://revistas.uepg.br/index.php/rhr;"Portal oficial de revistas de la Universidade Estadual de Ponta Grossa; ISSN 1414-0055."
189;Analisis Filosofico;03261301, 18519636;Sociedad Argentina de Analisis Filosofico;Argentina;https://analisisfilosofico.org/index.php/af;Verificado por ISSN en DOAJ;https://doaj.org/toc/b5b364fc81f14a0189535ef81d7d934b;"Coincidencia exacta de ISSN con el registro DOAJ de «Análisis Filosófico»; editorial declarada: Sociedad Argentina de Análisis Filosófico (SADAF)."
190;Anales del Instituto de Investigaciones Esteticas;18703062, 01851276;Universidad Nacional Autonoma de Mexico;Mexico;http://www.analesiie.unam.mx;Verificado por ISSN en DOAJ;https://doaj.org/toc/8180eb84da3c46f0a81838b458df5084;"Coincidencia exacta de ISSN con el registro DOAJ de «Anales del Instituto de Investigaciones Estéticas»; editorial declarada: Universidad Nacional Autónoma de México."
192;Revista de Letras;01013505, 19817886;Universidade Estadual Paulista (UNESP);Brazil;https://periodicos.fclar.unesp.br/letras;Verificado manualmente;https://periodicos.fclar.unesp.br/letras;"Portal oficial de periódicos de UNESP; ISSN 0101-3505 y 1981-7886."
193;Fronteiras (Brazil);22389717, 14158701;Federal University of Fronteira Sul;Brazil;https://periodicos.uffs.edu.br/index.php/FRCH;Verificado por ISSN en DOAJ;https://doaj.org/toc/fc300d34b42a4b1f829763ff64729bc2;"Coincidencia exacta de ISSN con el registro DOAJ de «Fronteiras»; editorial declarada: Universidade Federal da Fronteira Sul."
194;Kriterion (Brazil);19815336, 0100512X;Universidade de Minas Gerais;Brazil;https://periodicos.ufmg.br/index.php/kriterion;Verificado por ISSN en DOAJ;https://doaj.org/toc/21060b19053d48d19204c5e5a303c175;"Coincidencia exacta de ISSN con el registro DOAJ de «Kriterion»; editorial declarada: Universidade Federal de Minas Gerais."
195;Resonancias;07195702, 07173474;Pontificia Universidad Catolica de Chile;Chile;https://resonancias.uc.cl/?lang=en;Verificado por ISSN en DOAJ;https://doaj.org/toc/ab6b2c28bb1b44e596ae7b5a1533a935;"Coincidencia exacta de ISSN con el registro DOAJ de «Resonancias»; editorial declarada: Pontificia Universidad Católica de Chile."
200;Alpha;07182201, 07164254;Universidad de los Lagos;Chile;https://revistaalpha.ulagos.cl/;Verificado manualmente;https://revistaalpha.ulagos.cl/;"Sitio oficial de la Universidad de Los Lagos; ISSN 0716-4254 y 0718-2201."
201;Metatheoria;18532322, 18532330;Editorial de la Universidad Nacional de Tres de Febrero (EDUNTREF);Argentina;https://metatheoria.unq.edu.ar/index.php/m;Verificado manualmente;https://metatheoria.unq.edu.ar/index.php/m;"Sitio oficial de la Universidad Nacional de Quilmes; ISSN 1853-2322 y 1853-2330."
202;Revista de Filosofia (Chile);07184360, 00348236;Universidad de Chile;Chile;http://www.revistafilosofia.uchile.cl;Verificado por ISSN en DOAJ;https://doaj.org/toc/7e958806271b49438760493251903eef;"Coincidencia exacta de ISSN con el registro DOAJ de «Revista de Filosofía»; editorial declarada: Universidad de Chile."
205;Modapalavra e-periódico;1982615X;State University of Santa Catarina;Brazil;http://revistas.udesc.br/index.php/modapalavra;Verificado por ISSN en DOAJ;https://doaj.org/toc/7ea28b22ae35410da35d760333ec854a;"Coincidencia exacta de ISSN con el registro DOAJ de «ModaPalavra e-periódico»; editorial declarada: Universidade do Estado de Santa Catarina."
206;Acta Literaria;07176848, 07160909;Universidad de Concepcion;Chile;https://revistas.udec.cl/index.php/acta_literaria;Verificado manualmente;https://revistas.udec.cl/index.php/acta_literaria;"Portal oficial de revistas de la Universidad de Concepción; ISSN 0716-0909 y 0717-6848."
207;Byzantion Nea Hellas;07162138;Universidad de Chile;Chile;http://www.byzantion.uchile.cl/;Verificado por ISSN en DOAJ;https://doaj.org/toc/aeae68bfa83240b5a4885044caa9a0de;"Coincidencia exacta de ISSN con el registro DOAJ de «Byzantion Nea Hellás»; editorial declarada: Universidad de Chile."
209;Estudios de Historia de Espana;24690961, 03280284;Pontificia Universidad Catolica Argentina;Argentina;https://erevistas.uca.edu.ar/index.php/EHE/index;Verificado por ISSN en DOAJ;https://doaj.org/toc/5e76affe26244245a1eafae21a3dbd7e;"Coincidencia exacta de ISSN con el registro DOAJ de «Estudios de Historia de España»; editorial declarada: Universidad Católica Argentina."
210;Hypnos;14139138, 21775346;Faculty of Engineering, Khon Kaen University;Brazil;https://hypnos.org.br/index.php/hypnos;Verificado manualmente;https://hypnos.org.br/index.php/hypnos;"Sitio oficial de la revista Hypnos; ISSN 1413-9138 y 2177-5346."
211;La Palabra;23463864, 01218530;Universidad Pedagogica y Tecnologica de Colombia;Colombia;https://revistas.uptc.edu.co/index.php/la_palabra/index;Verificado por ISSN en DOAJ;https://doaj.org/toc/f279e9bba525479386e378841d9660d6;"Coincidencia exacta de ISSN con el registro DOAJ de «La Palabra»; editorial declarada: Universidad Pedagógica y Tecnológica de Colombia."
212;Patristica et Mediaevalia;26839636, 03252280;Institute of Philosophy Dr. Alejandro Korn, Faculty of Philosophy and Arts, University of Buenos Aires;Argentina;http://revistascientificas.filo.uba.ar/index.php/petm/index;Verificado por ISSN en DOAJ;https://doaj.org/toc/0057e40afd8d4818903f1c5b74d95b6e;"Coincidencia exacta de ISSN con el registro DOAJ de «Patristica et Mediaevalia»; editorial declarada: Universidad de Buenos Aires."
213;Prismas: Revista de Historia Intelectual;18520499, 16661508;National University of Quilmes;Argentina;https://prismas.unq.edu.ar/OJS/index.php/Prismas;Verificado por ISSN en DOAJ;https://doaj.org/toc/584503d21f994658bff9265f42873238;"Coincidencia exacta de ISSN con el registro DOAJ de «Prismas»; editorial declarada: Universidad Nacional de Quilmes."
215;Tabano;2591572X, 18527221;Pontificia Universidad Catolica Argentina;Argentina;http://erevistas.uca.edu.ar/index.php/TAB;Verificado por ISSN en DOAJ;https://doaj.org/toc/42bc4f087e1e4b069ff1817009152c0f;"Coincidencia exacta de ISSN con el registro DOAJ de «Tábano»; editorial declarada: Pontificia Universidad Católica Argentina."
216;Temas Medievales;03275094, 18502628;Departamento de Investigaciones Medievales, Inst. Multidisciplin. de Historia y Ciencias Humanas;Argentina;https://temasmedievales.imhicihu-conicet.gov.ar/index.php/TemasMedievales;Verificado manualmente;https://temasmedievales.imhicihu-conicet.gov.ar/index.php/TemasMedievales;"Sitio institucional del IMHICIHU-CONICET; ISSN 0327-5094 y 1850-2628."
218;Ars (Sao Paulo);16785320, 21780447;Graduate Program in Visual Arts of the School of Communications and Arts (ECA) of the University of Sao Paulo (USP);Brazil;http://www.scielo.br/ars;Verificado por ISSN en DOAJ;https://doaj.org/toc/24cf4d5817f647c9b3c8b6fdf5b5418c;"Coincidencia exacta de ISSN con el registro DOAJ de «ARS»; editorial declarada: Universidade de São Paulo."
220;Dialogos;14159945, 21772940;Universidade Estadual de Maringa;Brazil;https://periodicos.uem.br/ojs/index.php/Dialogos;Verificado por ISSN en DOAJ;https://doaj.org/toc/61a56e83a4d244b1abe76940881a88f3;"Coincidencia exacta de ISSN con el registro DOAJ de «Diálogos»; editorial declarada: Universidade Estadual de Maringá."
221;Estudos de Literatura Brasileira Contemporanea;23164018, 15180158;Universidade de Brasilia;Brazil;http://periodicos.unb.br/index.php/estudos/;Verificado por ISSN en DOAJ;https://doaj.org/toc/f4efc60aa71e43a994caa355099a0caa;"Coincidencia exacta de ISSN con el registro DOAJ de «Estudos de Literatura Brasileira Contemporânea»; editorial declarada: Universidade de Brasília."
224;Nau Literaria;19814526;Universidade Federal do Rio Grande do Sul;Brazil;https://seer.ufrgs.br/index.php/NauLiteraria;Verificado manualmente;https://seer.ufrgs.br/index.php/NauLiteraria;"Portal oficial de revistas de la Universidade Federal do Rio Grande do Sul; ISSN 1981-4526."
227;Universitas Philosophica;23462426;Pontificia Universidad Javeriana;Colombia;https://revistas.javeriana.edu.co/index.php/vniphilosophica;Verificado manualmente;https://revistas.javeriana.edu.co/index.php/vniphilosophica;"Portal oficial de revistas de la Pontificia Universidad Javeriana; ISSN 0120-5323 y 2346-2426."
229;Temas de Historia Argentina y Americana;26181924, 16668146;Pontificia Universidad Catolica Argentina;Argentina;https://erevistas.uca.edu.ar/index.php/THAA/index;Verificado por ISSN en DOAJ;https://doaj.org/toc/2165f69fe5904c0e992b410ce9cb1c45;"Coincidencia exacta de ISSN con el registro DOAJ de «Temas de Historia Argentina y Americana»; editorial declarada: Instituto de Historia Argentina y Americana."
